,Cen16,Cen01,Cen14
OTU_0001,0,0.00287907869481766,0
OTU_0002,0.000265111346765642,0,0
OTU_0003,0,0,0.00105764145954521
OTU_0004,0,0.00479846449136276,0
OTU_0005,0,0.00767754318618042,0
OTU_0006,0,0.000959692898272553,0
OTU_0007,0,0,0.00158646218931782
