,Cen16,Cen12
OTU_0001,0.000265111346765642,0.000917852225791648
