,Cen04,Cen10
OTU_0001,0.00116414435389988,0
OTU_0002,0.00116414435389988,0
OTU_0003,0.00116414435389988,0
OTU_0004,0.00116414435389988,0
OTU_0005,0.00232828870779977,0
OTU_0006,0.00116414435389988,0
OTU_0007,0.00116414435389988,0
OTU_0008,0,0.000338180588434224
OTU_0009,0.00116414435389988,0
