,Cen17,Cen05,Cen06,Cen03
OTU_0001,0,0,0.0496083550913838,0.00167644593461861
OTU_0002,0,0,0,0.00251466890192791
OTU_0003,0.00343053173241852,0,0,0
OTU_0004,0,0,0,0.00502933780385583
OTU_0005,0,0.013738959764475,0,0
