GeneGroup,estimate,estimate1,estimate2,statistic,p.value,parameter,conf.low,conf.high,method,alternative
ARG,-9.82857142857144,74.5714285714286,84.4,-0.502763258383769,0.627407348872393,8.84687892409604,-54.1686692217815,34.5115263646387,Welch Two Sample t-test,two.sided
AsRG,-5.0857142857143,124.714285714286,129.8,-0.376975546728443,0.714068595220257,9.99931316453307,-35.1454441380532,24.9740155666246,Welch Two Sample t-test,two.sided
rplB,-2.68571428571428,128.714285714286,131.4,-0.150480406108212,0.884166196331247,7.87983669954678,-43.9518580870483,38.5804295156198,Welch Two Sample t-test,two.sided
